﻿<?xml version="1.0" encoding="utf-8" ?>
<AllForms>
  <Form>
    <FormName>Company Setup</FormName>
    <FormConstant>COMPANYSETUP</FormConstant>
  </Form>
  <Form>
    <FormName>Department Setup</FormName>
    <FormConstant>DEPARTMENTSETUP</FormConstant>
  </Form>
  <Form>
    <FormName>Designation Setup</FormName>
    <FormConstant>DESIGNATIONSETUP</FormConstant>
  </Form>
  <Form>
    <FormName>Project Setup</FormName>
    <FormConstant>PROJECTSETUP</FormConstant>
  </Form>
  <Form>
    <FormName>Section Setup</FormName>
    <FormConstant>SECTIONSETUP</FormConstant>
  </Form>
	<Form>
		<FormName>Employee Loan Report</FormName>
		<FormConstant>EMPLOANREPORT</FormConstant>
	</Form>
  <Form>
    <FormName>Bonus Process</FormName>
    <FormConstant>PROJECTBONUS</FormConstant>
  </Form>
	<Form>
		<FormName>Salary Adjustment</FormName>
		<FormConstant>SALARYADJ</FormConstant>
	</Form>
  <Form>
    <FormName>Contructual Emp. Salary</FormName>
    <FormConstant>CONTREMPSAL</FormConstant>
  </Form>
  <Form>
    <FormName>Shift Setup</FormName>
    <FormConstant>SHIFTSETUP</FormConstant>
  </Form>
	<Form>
		<FormName>Bike Loan Report</FormName>
		<FormConstant>BIKELOANREPORT</FormConstant>
	</Form>
	<Form>
		<FormName>Salary Draw</FormName>
		<FormConstant>SALARYDRAW</FormConstant>
	</Form>
	<Form>
		<FormName>Salary Process</FormName>
		<FormConstant>SALARYPROCESS</FormConstant>
	</Form>
	<Form>
		<FormName>Company Loan Int Rate</FormName>
		<FormConstant>CMPLOANINTRATE</FormConstant>
	</Form>
	<Form>
		<FormName>CBF Detail</FormName>
		<FormConstant>CBFDETAILS</FormConstant>
	</Form>
	<Form>
		<FormName>Bike Entry Detail</FormName>
		<FormConstant>BIKEENTRYDETSIL</FormConstant>
	</Form>
	<Form>
	<FormName>Bike Loan Adjustment</FormName>
	<FormConstant>BIKELOANADJ</FormConstant>
</Form>
	<Form>
		<FormName>Mobill Bill Report</FormName>
		<FormConstant>MOBILEBILLREPORT</FormConstant>
	</Form>
	<Form>
		<FormName>Bike Loan Setup</FormName>
		<FormConstant>BIKELOANSETUP</FormConstant>
	</Form>
	<Form>
		<FormName>Employee CBF Start Date</FormName>
		<FormConstant>EMPWISECBFSTART</FormConstant>
	</Form>
	<Form>
		<FormName>Mobile Bill Adjustment</FormName>
		<FormConstant>MBBILAdJADJUSTMENTENTRY</FormConstant>
	</Form>
  <Form>
    <FormName>Confirmation Date</FormName>
    <FormConstant>CONFIRMATIONDATE</FormConstant>
  </Form>
	<Form>
		<FormName>Employee Wise CBF Entry</FormName>
		<FormConstant>EMPWISECBF</FormConstant>
	</Form>
  <Form>
    <FormName>Action Taken</FormName>
    <FormConstant>ACTIONTAKEN</FormConstant>
  </Form>
  <Form>
    <FormName>Over Night Duty</FormName>
    <FormConstant>OVERNIGHTDUTY</FormConstant>
  </Form>
  <Form>
    <FormName>Any Unrest</FormName>
    <FormConstant>ANYUNREST</FormConstant>
  </Form>
  <Form>
    <FormName>OSD Setup</FormName>
    <FormConstant>OSDSETUP</FormConstant>
  </Form>
  <Form>
    <FormName>Manual Entry</FormName>
    <FormConstant>COMPANYMANUALENTRY</FormConstant>
  </Form>
  <Form>
    <FormName>Weekly Holiday</FormName>
    <FormConstant>WEEKLYHOLIDAY</FormConstant>
  </Form>
  <Form>
    <FormName>Govt. Holiday</FormName>
    <FormConstant>GOVTHOLIDAY</FormConstant>
  </Form>
  <Form>
    <FormName>Remarks</FormName>
    <FormConstant>REMARKS</FormConstant>
  </Form>
  <Form>
    <FormName>Employee Information</FormName>
    <FormConstant>EMPLOYEEINFORMATION</FormConstant>
  </Form>
  <Form>
    <FormName>Employee Information List</FormName>
    <FormConstant>EMPLOYEEINFORMATIONLIST</FormConstant>
  </Form>
  <Form>
    <FormName>Employee Enable/Disable</FormName>
    <FormConstant>EMPLOYEEENABLEDISABLE</FormConstant>
  </Form>
  <!--<Form>
    <FormName>Employee Id Converter</FormName>
    <FormConstant>EMPLOYEEIDCONVERTER</FormConstant>
  </Form>-->
  <Form>
    <FormName>Employee Proxy Id Converter</FormName>
    <FormConstant>EMPLOYEEPROXYIDCONVERTER</FormConstant>
  </Form>
	<Form>
		<FormName>Finantial Year Setup</FormName>
		<FormConstant>FINSETUP</FormConstant>
	</Form>
  <Form>
    <FormName>Leave Configuration</FormName>
    <FormConstant>LEAVECONFIG</FormConstant>
  </Form>
  <Form>
    <FormName>Leave Type Setup</FormName>
    <FormConstant>LEAVETYPESETUP</FormConstant>
  </Form>

  <Form>
    <FormName>Leave Entry</FormName>
    <FormConstant>LEAVEENTRY</FormConstant>
  </Form>
  <Form>
    <FormName>Leave Permission</FormName>
    <FormConstant>LEAVEPERMISSION</FormConstant>
  </Form>

  <Form>
    <FormName>Leave Approve</FormName>
    <FormConstant>LEAVEAPPROVE</FormConstant>
  </Form>
  <Form>
    <FormName>Leave Status</FormName>
    <FormConstant>LEAVESTATUS</FormConstant>
  </Form>
  <Form>
    <FormName>Leave Transfer</FormName>
    <FormConstant>LEAVETRANSFER</FormConstant>
  </Form>
  <Form>
    <FormName>Data Collection</FormName>
    <FormConstant>DATACOLLECION</FormConstant>
  </Form>
  <Form>
    <FormName>Data Process</FormName>
    <FormConstant>DATAPROCESS</FormConstant>
  </Form>
  <Form>
    <FormName>Daily Report</FormName>
    <FormConstant>DAILYREPORT</FormConstant>
  </Form>
  <Form>
    <FormName>Monthly Report</FormName>
    <FormConstant>MONTHLYREPORT</FormConstant>
  </Form>
  <Form>
    <FormName>Job Card</FormName>
    <FormConstant>JOBCARD</FormConstant>
  </Form>
  <Form>
    <FormName>Employee Info Report</FormName>
    <FormConstant>EMPLOYEEINFOREPORT</FormConstant>
  </Form>
  <Form>
    <FormName>Employee Details Info Report</FormName>
    <FormConstant>EMPLOYEEDETAILSINFOREPORT</FormConstant>
  </Form>
  <Form>
    <FormName>New Employee Info</FormName>
    <FormConstant>NEWEMPLOYEEINFO</FormConstant>
  </Form>

  <Form>
    <FormName>Resign Employee Info</FormName>
    <FormConstant>RESIGNEMPLOYEEINFO</FormConstant>
  </Form>

  <Form>
    <FormName>Leave Information Report</FormName>
    <FormConstant>LEAVEINFORMATIONREPOR</FormConstant>
  </Form>


  <Form>
    <FormName>Leave Balance Report</FormName>
    <FormConstant>LEAVEBALANCEREPOR</FormConstant>
  </Form>
  <Form>
    <FormName>Create User</FormName>
    <FormConstant>CREATEUSER</FormConstant>
  </Form>
  <Form>
    <FormName>Database Backup</FormName>
    <FormConstant>DATABASEBACKUP</FormConstant>
  </Form>
  <!--<Form>
    <FormName>Change Password</FormName>
    <FormConstant>CHANGEPASSWORD</FormConstant>
  </Form>-->
  <!--<Form>
    <FormName>User Management</FormName>
    <FormConstant>USERMANAGEMENT</FormConstant>
  </Form>-->
  <Form>
    <FormName>Role Creation</FormName>
    <FormConstant>ROLECREAION</FormConstant>
  </Form>
	<Form>
		<FormName>Salary Slab Setup</FormName>
		<FormConstant>SALARYSLABSETUP</FormConstant>
	</Form>
	<Form>
		<FormName>Salary Breakup</FormName>
		<FormConstant>SALARYBREAKUP</FormConstant>
	</Form>
	<Form>
		<FormName>Employee Loan Setup</FormName>
		<FormConstant>EMPLOANSETUP</FormConstant>
	</Form>
	<Form>
		<FormName>Loan Adjustment Entry</FormName>
		<FormConstant>LOANADJENTRY</FormConstant>
	</Form>
	<Form>
		<FormName>Bonus Process</FormName>
		<FormConstant>BONUSPROCESS</FormConstant>
	</Form>
	<Form>
		<FormName>Bonus Report</FormName>
		<FormConstant>BONUSREPORT</FormConstant>
	</Form>
	<Form>
		<FormName>Project Bonus Report</FormName>
		<FormConstant>PROJECTBONUSREPORT</FormConstant>
	</Form>
	<Form>
		<FormName>Incentive Bonus</FormName>
		<FormConstant>INSBONUS</FormConstant>
	</Form>
	<Form>
		<FormName>Incentive Bonus Report</FormName>
		<FormConstant>INSBONUSREPORT</FormConstant>
	</Form>
  <!--<Form>
    <FormName>Form Assign</FormName>
    <FormConstant>FORMASSIGN</FormConstant>
  </Form>-->
</AllForms>

