﻿<?xml version="1.0" encoding="utf-8"?>
<menu>
  <menuItem>
    <text> Home </text>
    <url>Default.aspx</url>
    <mousecursor>hand</mousecursor>
    </menuItem>
  <menuItem>
    <text>||</text>
    <mousecursor>hand</mousecursor>
  </menuItem>
      <menuItem>
    <text>Employee Information</text>
    <mousecursor>hand</mousecursor>
    
      <subMenu>
      
      <menuItem>
        <text> Employee Add </text>
        <url>Default.aspx?Page=Employee</url>
        <mousecursor>hand</mousecursor>
      </menuItem>
      
      
          
    <menuItem>
     <text> Employee Browser </text>
      <url>Default.aspx?Page=EmployeeBrouser</url>
      <mousecursor>hand</mousecursor>
    
    </menuItem>
      
      
      <menuItem>
        <text> Employee Disable </text>
        <url>Default.aspx?Page=Employee</url>
        <mousecursor>hand</mousecursor>
      </menuItem>

      
      
      <menuItem>
        <text> Employee Enable </text>
        <url></url>
        <mousecursor>hand</mousecursor>
      </menuItem>
      
    </subMenu>
    
  </menuItem>

  <menuItem>
    <text>||</text>
    <mousecursor>hand</mousecursor>
  </menuItem>
  
  <menuItem>
          
      
    <text> Data </text>
    <mousecursor>hand</mousecursor>
    <subMenu>
      <menuItem>
        <text> Data Collect From File </text>
        <url>Default.aspx?Page=TextDataCollect</url>
        <mousecursor>hand</mousecursor>
      </menuItem>
      
      
      
    </subMenu>  
   </menuItem>
  
  <menuItem>
    <text>||</text>
    <mousecursor>hand</mousecursor>
  </menuItem>
  
  <menuItem>


    <text> Process</text>
    <mousecursor>hand</mousecursor>
    <subMenu>
      <menuItem>
        <text> Daily Process </text>
        <url>Default.aspx?Page=DailyProcess</url>
        <mousecursor>hand</mousecursor>
      </menuItem>

    </subMenu>
     </menuItem>

  <menuItem>
    <text>||</text>
    <mousecursor>hand</mousecursor>
  </menuItem>

  <menuItem>
    <text>Leave</text>
    <subMenu>
      <menuItem>
        <text> Leave Setup </text>
        <url>Default.aspx?Page=LeaveConfiguration</url>
      </menuItem>
      <menuItem>
        <text> Leave Entry </text>
        <url>Default.aspx?Page=LeaveEntry</url>
      </menuItem>
      <menuItem>
        <text> Leave Approve </text>
        <url>Default.aspx?Page=LeaveApprove</url>
      </menuItem>

      <menuItem>
        <text> Leave Status </text>
        <url>Default.aspx?Page=LeaveStatus</url>
      </menuItem>

    </subMenu>
  </menuItem>
  
  <menuItem>
    <text> Utility </text>
    <mousecursor>hand</mousecursor>
    <subMenu>
      <menuItem>
        <text> Company Setup </text>
        <url>Default.aspx?Page=CompanyInfo</url>
        <mousecursor>hand</mousecursor>
      </menuItem>

      <menuItem>
        <text> Department Setup </text>
        <url>Default.aspx?Page=DepartmentInfo</url>
        <mousecursor>hand</mousecursor>
      </menuItem>
      
      <menuItem>
        <text> Section Setup </text>
        <url>Default.aspx?Page=SectionInfo</url>
        <mousecursor>hand</mousecursor>
      </menuItem>

            
      <menuItem>
        <text> Shift Setup </text>
        <url>Default.aspx?Page=Shift</url>
        <mousecursor>hand</mousecursor>
      </menuItem>
      
      <menuItem>
        <text> Out Station Duty </text>
        <url>Default.aspx?Page=OSDForm</url>
        <mousecursor>hand</mousecursor>
      </menuItem>
      
      <menuItem>
        <text> Designation Setup </text>
        <url>Default.aspx?Page=DesignationForm</url>
        <mousecursor>hand</mousecursor>
      </menuItem>
      
     <menuItem>
        <text> Company Manual Entry </text>
        <url>Default.aspx?Page=CompanyManualEntry</url>
        <mousecursor> hand </mousecursor>
      </menuItem>
      <menuItem>
        <text> Create User </text>
        <url>Default.aspx?Page=CreateUser</url>
        <mousecursor>hand</mousecursor>
      </menuItem>
      
      <menuItem>
        <text> Weekly Holiday Setup </text>
        <url>Default.aspx?Page=WeeklyHoliDay</url>
        <mousecursor>hand</mousecursor>
      </menuItem>
      
      <menuItem>
        <text> Govt Holiday Setup </text>
        <url>Default.aspx?Page=GovtHoliDayForm</url>
        <mousecursor>hand</mousecursor>
      </menuItem>
      
    </subMenu>

  </menuItem>


  <menuItem>
    <text>||</text>
    <mousecursor>hand</mousecursor>
  </menuItem>
  
  <menuItem>
    
    <text>Reports </text>
    <mousecursor>hand</mousecursor>
    <subMenu>
      <menuItem>
        <text> Employee Information</text>
        <url>Default.aspx?Page=pgcrptdlgviewtransection</url>
        <mousecursor>hand</mousecursor>
      </menuItem>
      <menuItem>
        <text> Daily Attendance </text>
        <url>Default.aspx?Page=DailyAttendanceViewer</url>
        <mousecursor>hand</mousecursor>
      </menuItem>

      <menuItem>
        <text> Jobcard </text>
        <url>Jobcard.aspx</url>
        <mousecursor>hand</mousecursor>
      </menuItem>
      
      <menuItem>
        <text> Monthly Attendance </text>
        <url></url>
        <mousecursor>hand</mousecursor>
      </menuItem>

      <menuItem>
        <text> Monthly Present </text>
        <url></url>
        <mousecursor>hand</mousecursor>
      </menuItem>

      <menuItem>
        <text> Monthly Summary </text>
        <url></url>
        <mousecursor>hand</mousecursor>
      </menuItem>

      <menuItem>
        <text> Department Information </text>
        <url>Default.aspx?Page=DepartmentViewer</url>
        <mousecursor>hand</mousecursor>
      </menuItem>

      <menuItem>
        <text> Company Information </text>
        <url>Default.aspx?Page=CompanyViewer</url>
        <mousecursor>hand</mousecursor>
      </menuItem>
      
    </subMenu>

  </menuItem>
  
  
  
  
    
</menu>
